{
  "title":"Lecture 8: Object Oriented Programming",
  "description": "",
  "file": null,
  "learning_resource_types": ["Lecture Videos"],
  "resource_type": "Video",
  "file_type": null,
  "youtube_key":  "-DP1i2ZU9gk",
  "captions_file": "/courses/6-0001-introduction-to-computer-science-and-programming-in-python-fall-2016/5a9c022658d65cbaab283244b3dd08f8_-DP1i2ZU9gk.vtt",
  "transcript_file": "/courses/6-0001-introduction-to-computer-science-and-programming-in-python-fall-2016/b2ed2f459ae17c537efacbc73dd6a39a_-DP1i2ZU9gk.pdf",
  "thumbnail_file": "https://img.youtube.com/vi/-DP1i2ZU9gk/default.jpg",
  "archive_url": "https://archive.org/download/MIT6.0001F16/MIT6_0001F16_Lecture_08_300k.mp4"}
