{
  "title":"Lecture 12: Searching and Sorting",
  "description": "",
  "file": null,
  "learning_resource_types": ["Lecture Videos"],
  "resource_type": "Video",
  "file_type": null,
  "youtube_key":  "6LOwPhPDwVc",
  "captions_file": "/courses/6-0001-introduction-to-computer-science-and-programming-in-python-fall-2016/42d52f1c18495cef94a343364b38c7aa_6LOwPhPDwVc.vtt",
  "transcript_file": "/courses/6-0001-introduction-to-computer-science-and-programming-in-python-fall-2016/1d65ba61fcc2bd84c648e07109f620c1_6LOwPhPDwVc.pdf",
  "thumbnail_file": "https://img.youtube.com/vi/6LOwPhPDwVc/default.jpg",
  "archive_url": "https://archive.org/download/MIT6.0001F16/MIT6_0001F16_Lecture_12_300k.mp4"}
