{
  "title":"Function Calls",
  "description": "",
  "file": null,
  "learning_resource_types": [],
  "resource_type": "Video",
  "file_type": null,
  "youtube_key":  "4gPwo38MNss",
  "captions_file": "/courses/6-0001-introduction-to-computer-science-and-programming-in-python-fall-2016/91e6eccb1e3b53c3b94a2e44d5e9c0d4_4gPwo38MNss.vtt",
  "transcript_file": "/courses/6-0001-introduction-to-computer-science-and-programming-in-python-fall-2016/962169c396cd68bddaf15d0269f39eec_4gPwo38MNss.pdf",
  "thumbnail_file": "https://img.youtube.com/vi/4gPwo38MNss/default.jpg",
  "archive_url": "https://archive.org/download/MIT6.0001F16/MIT6_0001F16_Lecture_04_exercise_01_300k.mp4"}
