{
  "title":"Lecture 10: Understanding Program Efficiency, Part 1",
  "description": "",
  "file": null,
  "learning_resource_types": ["Lecture Videos"],
  "resource_type": "Video",
  "file_type": null,
  "youtube_key":  "o9nW0uBqvEo",
  "captions_file": "/courses/6-0001-introduction-to-computer-science-and-programming-in-python-fall-2016/72291ca1d4a355abaa116a3156379efb_o9nW0uBqvEo.vtt",
  "transcript_file": "/courses/6-0001-introduction-to-computer-science-and-programming-in-python-fall-2016/272cefe6cf36a6b7ab4960209e41b62d_o9nW0uBqvEo.pdf",
  "thumbnail_file": "https://img.youtube.com/vi/o9nW0uBqvEo/default.jpg",
  "archive_url": "https://archive.org/download/MIT6.0001F16/MIT6_0001F16_Lecture_10_300k.mp4"}
