{
  "title":"Tuples",
  "description": "",
  "file": null,
  "learning_resource_types": [],
  "resource_type": "Video",
  "file_type": null,
  "youtube_key":  "ncpb4wIsQu8",
  "captions_file": "/courses/6-0001-introduction-to-computer-science-and-programming-in-python-fall-2016/87b5cc41c447517cbf6d1d4764b5c488_ncpb4wIsQu8.vtt",
  "transcript_file": "/courses/6-0001-introduction-to-computer-science-and-programming-in-python-fall-2016/d3150e27dfe972e8349e65aa20d6d210_ncpb4wIsQu8.pdf",
  "thumbnail_file": "https://img.youtube.com/vi/ncpb4wIsQu8/default.jpg",
  "archive_url": "https://archive.org/download/MIT6.0001F16/MIT6_0001F16_Lecture_05_exercise_01_300k.mp4"}
