{
  "title":"Strings",
  "description": "",
  "file": null,
  "learning_resource_types": [],
  "resource_type": "Video",
  "file_type": null,
  "youtube_key":  "w4uxYDPsjbw",
  "captions_file": "/courses/6-0001-introduction-to-computer-science-and-programming-in-python-fall-2016/aed20cccf82d515e8218c608b6a375b7_w4uxYDPsjbw.vtt",
  "transcript_file": "/courses/6-0001-introduction-to-computer-science-and-programming-in-python-fall-2016/af1b4fca67957762458dd60c41910a18_w4uxYDPsjbw.pdf",
  "thumbnail_file": "https://img.youtube.com/vi/w4uxYDPsjbw/default.jpg",
  "archive_url": "https://archive.org/download/MIT6.0001F16/MIT6_0001F16_Lecture_02_exercise_01_300k.mp4"}
