{
  "title":"Class Definition",
  "description": "",
  "file": null,
  "learning_resource_types": [],
  "resource_type": "Video",
  "file_type": null,
  "youtube_key":  "vqn_yk5aFcI",
  "captions_file": "/courses/6-0001-introduction-to-computer-science-and-programming-in-python-fall-2016/c3c5ca5c8a9454768c7d690bf45b92d1_vqn_yk5aFcI.vtt",
  "transcript_file": "/courses/6-0001-introduction-to-computer-science-and-programming-in-python-fall-2016/03c0992b7c0cf9d74884b45e19a5b5f7_vqn_yk5aFcI.pdf",
  "thumbnail_file": "https://img.youtube.com/vi/vqn_yk5aFcI/default.jpg",
  "archive_url": "https://archive.org/download/MIT6.0001F16/MIT6_0001F16_Lecture_08_exercise_01_300k.mp4"}
