{
  "title":"String Manipulations",
  "description": "",
  "file": null,
  "learning_resource_types": [],
  "resource_type": "Video",
  "file_type": null,
  "youtube_key":  "-jjUoTiaSHw",
  "captions_file": "/courses/6-0001-introduction-to-computer-science-and-programming-in-python-fall-2016/07028c1bbcf759b2929b138cf76bd87b_-jjUoTiaSHw.vtt",
  "transcript_file": "/courses/6-0001-introduction-to-computer-science-and-programming-in-python-fall-2016/7ff9a2472e419158191dab60691b41cf_-jjUoTiaSHw.pdf",
  "thumbnail_file": "https://img.youtube.com/vi/-jjUoTiaSHw/default.jpg",
  "archive_url": "https://archive.org/download/MIT6.0001F16/MIT6_0001F16_Lecture_03_exercise_01_300k.mp4"}
