{
  "title":"Method Call",
  "description": "",
  "file": null,
  "learning_resource_types": [],
  "resource_type": "Video",
  "file_type": null,
  "youtube_key":  "_ax4eNMI9Dw",
  "captions_file": "/courses/6-0001-introduction-to-computer-science-and-programming-in-python-fall-2016/ec519c26809c5f589fc2f29556c0b28d_ax4eNMI9Dw.vtt",
  "transcript_file": "/courses/6-0001-introduction-to-computer-science-and-programming-in-python-fall-2016/6e53e02a6872483e30753c34209e3edd_ax4eNMI9Dw.pdf",
  "thumbnail_file": "https://img.youtube.com/vi/_ax4eNMI9Dw/default.jpg",
  "archive_url": "https://archive.org/download/MIT6.0001F16/MIT6_0001F16_Lecture_08_exercise_04_300k.mp4"}
