{
  "title":"List Operations",
  "description": "",
  "file": null,
  "learning_resource_types": [],
  "resource_type": "Video",
  "file_type": null,
  "youtube_key":  "SrkqbLOQcEo",
  "captions_file": "/courses/6-0001-introduction-to-computer-science-and-programming-in-python-fall-2016/abf967ffca4a5cba9a82150a7f5980ff_SrkqbLOQcEo.vtt",
  "transcript_file": "/courses/6-0001-introduction-to-computer-science-and-programming-in-python-fall-2016/fa4700cda2b934b3f58b0cd212a97e7f_SrkqbLOQcEo.pdf",
  "thumbnail_file": "https://img.youtube.com/vi/SrkqbLOQcEo/default.jpg",
  "archive_url": "https://archive.org/download/MIT6.0001F16/MIT6_0001F16_Lecture_05_exercise_03_300k.mp4"}
