{
  "title":"Function Calls",
  "description": "",
  "file": null,
  "learning_resource_types": [],
  "resource_type": "Video",
  "file_type": null,
  "youtube_key":  "4gPwo38MNss",
  "captions_file": "/courses/6-0001-introduction-to-computer-science-and-programming-in-python-fall-2016/259c769f3ac253f993ffedfebfba96aa_4gPwo38MNss.vtt",
  "transcript_file": "/courses/6-0001-introduction-to-computer-science-and-programming-in-python-fall-2016/7741b28fedbfcfca89e76e58a8b80ebe_4gPwo38MNss.pdf",
  "thumbnail_file": "https://img.youtube.com/vi/4gPwo38MNss/default.jpg",
  "archive_url": "https://archive.org/download/MIT6.0001F16/MIT6_0001F16_Lecture_04_exercise_01_300k.mp4"}
