{
  "title":"List Aliasing / Mutation",
  "description": "",
  "file": null,
  "learning_resource_types": [],
  "resource_type": "Video",
  "file_type": null,
  "youtube_key":  "FKp-6sojt9A",
  "captions_file": "/courses/6-0001-introduction-to-computer-science-and-programming-in-python-fall-2016/f7687ff7a4235f6abfaa8c77abf5d636_FKp-6sojt9A.vtt",
  "transcript_file": "/courses/6-0001-introduction-to-computer-science-and-programming-in-python-fall-2016/cc354eb3c37197596b5dd9a89acecb75_FKp-6sojt9A.pdf",
  "thumbnail_file": "https://img.youtube.com/vi/FKp-6sojt9A/default.jpg",
  "archive_url": "https://archive.org/download/MIT6.0001F16/MIT6_0001F16_Lecture_05_exercise_04_300k.mp4"}
