{
  "title":"Class Instance",
  "description": "",
  "file": null,
  "learning_resource_types": [],
  "resource_type": "Video",
  "file_type": null,
  "youtube_key":  "2__KumJsGXc",
  "captions_file": "/courses/6-0001-introduction-to-computer-science-and-programming-in-python-fall-2016/4fadd3c5b31b5897b5e92084aa9872c5_2__KumJsGXc.vtt",
  "transcript_file": "/courses/6-0001-introduction-to-computer-science-and-programming-in-python-fall-2016/503fde59f31e708079c0fa53a1a4b260_2__KumJsGXc.pdf",
  "thumbnail_file": "https://img.youtube.com/vi/2__KumJsGXc/default.jpg",
  "archive_url": "https://archive.org/download/MIT6.0001F16/MIT6_0001F16_Lecture_08_exercise_02_300k.mp4"}
