{
  "title":"Lecture 3: String Manipulation, Guess and Check, Approximations, Bisection",
  "description": "",
  "file": null,
  "learning_resource_types": ["Lecture Videos"],
  "resource_type": "Video",
  "file_type": null,
  "youtube_key":  "SE4P7IVCunE",
  "captions_file": "/courses/6-0001-introduction-to-computer-science-and-programming-in-python-fall-2016/6e2747d4f92152b8a5cf50493d1345d0_SE4P7IVCunE.vtt",
  "transcript_file": "/courses/6-0001-introduction-to-computer-science-and-programming-in-python-fall-2016/d68f91578c16ffb99a7eccaf841a13b0_SE4P7IVCunE.pdf",
  "thumbnail_file": "https://img.youtube.com/vi/SE4P7IVCunE/default.jpg",
  "archive_url": "https://archive.org/download/MIT6.0001F16/MIT6_0001F16_Lecture_03_300k.mp4"}
