{
  "title":"Lecture 11: Understanding Program Efficiency, Part 2",
  "description": "",
  "file": null,
  "learning_resource_types": ["Lecture Videos"],
  "resource_type": "Video",
  "file_type": null,
  "youtube_key":  "7lQXYl_L28w",
  "captions_file": "/courses/6-0001-introduction-to-computer-science-and-programming-in-python-fall-2016/aa2f1860d51a521b8a91c8e39b3330a8_7lQXYl_L28w.vtt",
  "transcript_file": "/courses/6-0001-introduction-to-computer-science-and-programming-in-python-fall-2016/5b910f6f6c71216bfc9636d53411fbac_7lQXYl_L28w.pdf",
  "thumbnail_file": "https://img.youtube.com/vi/7lQXYl_L28w/default.jpg",
  "archive_url": "https://archive.org/download/MIT6.0001F16/MIT6_0001F16_Lecture_11_300k.mp4"}
