{
  "title":"Errors",
  "description": "",
  "file": null,
  "learning_resource_types": [],
  "resource_type": "Video",
  "file_type": null,
  "youtube_key":  "-wz4iU2V-Yo",
  "captions_file": "/courses/6-0001-introduction-to-computer-science-and-programming-in-python-fall-2016/49ea7482f51a5484b84332f10e7594ff_-wz4iU2V-Yo.vtt",
  "transcript_file": "/courses/6-0001-introduction-to-computer-science-and-programming-in-python-fall-2016/2f4aca3461c3939be1a8adb62c0a9a0e_-wz4iU2V-Yo.pdf",
  "thumbnail_file": "https://img.youtube.com/vi/-wz4iU2V-Yo/default.jpg",
  "archive_url": "https://archive.org/download/MIT6.0001F16/MIT6_0001F16_Lecture_07_exercise_02_300k.mp4"}
