{
  "title":"While Loops",
  "description": "",
  "file": null,
  "learning_resource_types": [],
  "resource_type": "Video",
  "file_type": null,
  "youtube_key":  "P-0w8xWcnDQ",
  "captions_file": "/courses/6-0001-introduction-to-computer-science-and-programming-in-python-fall-2016/afbb6ed7dc095a0c92f5873fd06c49a4_P-0w8xWcnDQ.vtt",
  "transcript_file": "/courses/6-0001-introduction-to-computer-science-and-programming-in-python-fall-2016/13f7b896c7548549ae4d5e8f2c5c20b6_P-0w8xWcnDQ.pdf",
  "thumbnail_file": "https://img.youtube.com/vi/P-0w8xWcnDQ/default.jpg",
  "archive_url": "https://archive.org/download/MIT6.0001F16/MIT6_0001F16_Lecture_02_exercise_04_300k.mp4"}
