{
  "title":"Method Call",
  "description": "",
  "file": null,
  "learning_resource_types": [],
  "resource_type": "Video",
  "file_type": null,
  "youtube_key":  "_ax4eNMI9Dw",
  "captions_file": "/courses/6-0001-introduction-to-computer-science-and-programming-in-python-fall-2016/bf8a046cb31c5c0a83d0185a5b53104a_ax4eNMI9Dw.vtt",
  "transcript_file": "/courses/6-0001-introduction-to-computer-science-and-programming-in-python-fall-2016/1c813f689d7cf8b52eb6eae66aab6e13_ax4eNMI9Dw.pdf",
  "thumbnail_file": "https://img.youtube.com/vi/_ax4eNMI9Dw/default.jpg",
  "archive_url": "https://archive.org/download/MIT6.0001F16/MIT6_0001F16_Lecture_08_exercise_04_300k.mp4"}
