{
  "title":"Methods",
  "description": "",
  "file": null,
  "learning_resource_types": [],
  "resource_type": "Video",
  "file_type": null,
  "youtube_key":  "goalLDamePE",
  "captions_file": "/courses/6-0001-introduction-to-computer-science-and-programming-in-python-fall-2016/b50f9ca9e5d8512cb50e0f6c4acb9539_goalLDamePE.vtt",
  "transcript_file": "/courses/6-0001-introduction-to-computer-science-and-programming-in-python-fall-2016/48d373c339a235b32c5a547d3114efe5_goalLDamePE.pdf",
  "thumbnail_file": "https://img.youtube.com/vi/goalLDamePE/default.jpg",
  "archive_url": "https://archive.org/download/MIT6.0001F16/MIT6_0001F16_Lecture_08_exercise_03_300k.mp4"}
