{
  "title":"While Loops",
  "description": "",
  "file": null,
  "learning_resource_types": [],
  "resource_type": "Video",
  "file_type": null,
  "youtube_key":  "P-0w8xWcnDQ",
  "captions_file": "/courses/6-0001-introduction-to-computer-science-and-programming-in-python-fall-2016/14474466362c520aa6a69016800e7bd9_P-0w8xWcnDQ.vtt",
  "transcript_file": "/courses/6-0001-introduction-to-computer-science-and-programming-in-python-fall-2016/1a4842e8b4a1b4ab1c2676ce20e6767b_P-0w8xWcnDQ.pdf",
  "thumbnail_file": "https://img.youtube.com/vi/P-0w8xWcnDQ/default.jpg",
  "archive_url": "https://archive.org/download/MIT6.0001F16/MIT6_0001F16_Lecture_02_exercise_04_300k.mp4"}
