{
  "title":"Subclass",
  "description": "",
  "file": null,
  "learning_resource_types": [],
  "resource_type": "Video",
  "file_type": null,
  "youtube_key":  "8s0d87sjy1A",
  "captions_file": "/courses/6-0001-introduction-to-computer-science-and-programming-in-python-fall-2016/b1fa57000d985224b9f0ce4e6753bdc1_8s0d87sjy1A.vtt",
  "transcript_file": "/courses/6-0001-introduction-to-computer-science-and-programming-in-python-fall-2016/6cb860523df7e08392ab4556b4ef651a_8s0d87sjy1A.pdf",
  "thumbnail_file": "https://img.youtube.com/vi/8s0d87sjy1A/default.jpg",
  "archive_url": "https://archive.org/download/MIT6.0001F16/MIT6_0001F16_Lecture_09_exercise_02_300k.mp4"}
