{
  "title":"Lecture 4: Decomposition, Abstraction, and Functions",
  "description": "",
  "file": null,
  "learning_resource_types": ["Lecture Videos"],
  "resource_type": "Video",
  "file_type": null,
  "youtube_key":  "MjbuarJ7SE0",
  "captions_file": "/courses/6-0001-introduction-to-computer-science-and-programming-in-python-fall-2016/89d4f8a478a957b49244641cb53d1cf8_MjbuarJ7SE0.vtt",
  "transcript_file": "/courses/6-0001-introduction-to-computer-science-and-programming-in-python-fall-2016/2cd211c4c7f47153bbc413099ae2d2e1_MjbuarJ7SE0.pdf",
  "thumbnail_file": "https://img.youtube.com/vi/MjbuarJ7SE0/default.jpg",
  "archive_url": "https://archive.org/download/MIT6.0001F16/MIT6_0001F16_Lecture_04_300k.mp4"}
