{
  "title":"Comparisons",
  "description": "",
  "file": null,
  "learning_resource_types": [],
  "resource_type": "Video",
  "file_type": null,
  "youtube_key":  "lniF6ys2CIk",
  "captions_file": "/courses/6-0001-introduction-to-computer-science-and-programming-in-python-fall-2016/c114abbb1126527a8dc5f53fb19643c7_lniF6ys2CIk.vtt",
  "transcript_file": "/courses/6-0001-introduction-to-computer-science-and-programming-in-python-fall-2016/6b09eb77ff5c62be5450ae89c557a155_lniF6ys2CIk.pdf",
  "thumbnail_file": "https://img.youtube.com/vi/lniF6ys2CIk/default.jpg",
  "archive_url": "https://archive.org/download/MIT6.0001F16/MIT6_0001F16_Lecture_02_exercise_02_300k.mp4"}
