<?xml version="1.0" encoding="utf-8" standalone="yes"?>
<rss version="2.0" xmlns:atom="http://www.w3.org/2005/Atom">
  <channel>
    <title>Assignments on MIT OpenCourseWare</title>
    <link>/resources/assignments/</link>
    <description>Recent content in Assignments on MIT OpenCourseWare</description>
    <generator>Hugo -- gohugo.io</generator>
    <language>en-us</language><atom:link href="/resources/assignments/index.xml" rel="self" type="application/rss+xml" />
    <item>
      <title>Assignments</title>
      <link>/pages/assignments/data.json</link>
      <pubDate>Mon, 01 Jan 0001 00:00:00 +0000</pubDate>
      
      <guid>/pages/assignments/data.json</guid>
      <description>Note: The links provided to the software may no longer work. You can download the current and previous versions of Anaconda and Python from their respective sites. This course is based on Python 3.5. See the Anaconda for Python 3.5 FAQ.
Please review the 6.0001 Style Guide (PDF) before attempting the problem sets. If you need additional help, please consult the 6.0001 list of Programming Resources (PDF). Solutions are not available.</description>
    </item>
    
    <item>
      <title>MIT6_0001F16_Additional Python Resources</title>
      <link>/resources/mit6_0001f16_additional/data.json</link>
      <pubDate>Mon, 01 Jan 0001 00:00:00 +0000</pubDate>
      
      <guid>/resources/mit6_0001f16_additional/data.json</guid>
      <description>This resource contains information regarding introduction to computer science and programming in Python: Problem set.</description>
    </item>
    
    <item>
      <title>MIT6_0001F16_Problem Set 1</title>
      <link>/resources/mit6_0001f16_ps1/data.json</link>
      <pubDate>Mon, 01 Jan 0001 00:00:00 +0000</pubDate>
      
      <guid>/resources/mit6_0001f16_ps1/data.json</guid>
      <description>This resource contains information regarding introduction to computer science and programming in Python: Problem set.</description>
    </item>
    
    <item>
      <title>MIT6_0001F16_Style Guide</title>
      <link>/resources/mit6_0001f16_styleguide/data.json</link>
      <pubDate>Mon, 01 Jan 0001 00:00:00 +0000</pubDate>
      
      <guid>/resources/mit6_0001f16_styleguide/data.json</guid>
      <description>This resource contains information regarding introduction to computer science and programming in Python: Problem set.</description>
    </item>
    
    <item>
      <title>ps0.zip</title>
      <link>/resources/ps0/data.json</link>
      <pubDate>Mon, 01 Jan 0001 00:00:00 +0000</pubDate>
      
      <guid>/resources/ps0/data.json</guid>
      <description>This resource contains information regarding introduction to computer science and programming in Python: Problem set.</description>
    </item>
    
    <item>
      <title>ps2.zip</title>
      <link>/resources/ps2/data.json</link>
      <pubDate>Mon, 01 Jan 0001 00:00:00 +0000</pubDate>
      
      <guid>/resources/ps2/data.json</guid>
      <description>This resource contains information regarding introduction to computer science and programming in Python: Problem set.</description>
    </item>
    
    <item>
      <title>PS3.zip</title>
      <link>/resources/ps3/data.json</link>
      <pubDate>Mon, 01 Jan 0001 00:00:00 +0000</pubDate>
      
      <guid>/resources/ps3/data.json</guid>
      <description>This resource contains information regarding introduction to computer science and programming in Python: Problem set.</description>
    </item>
    
    <item>
      <title>ps4.zip</title>
      <link>/resources/ps4/data.json</link>
      <pubDate>Mon, 01 Jan 0001 00:00:00 +0000</pubDate>
      
      <guid>/resources/ps4/data.json</guid>
      <description>This resource contains information regarding introduction to computer science and programming in Python: Problem set.</description>
    </item>
    
    <item>
      <title>ps5.zip</title>
      <link>/resources/ps5/data.json</link>
      <pubDate>Mon, 01 Jan 0001 00:00:00 +0000</pubDate>
      
      <guid>/resources/ps5/data.json</guid>
      <description>This resource contains information regarding introduction to computer science and programming in Python: Problem set.</description>
    </item>
    
  </channel>
</rss>
