{
  "title":"Bindings",
  "description": "",
  "file": null,
  "learning_resource_types": [],
  "resource_type": "Video",
  "file_type": null,
  "youtube_key":  "EFCdr_43qmU",
  "captions_file": "/courses/6-0001-introduction-to-computer-science-and-programming-in-python-fall-2016/9c97a54610825310a6bfaeda6153148a_EFCdr_43qmU.vtt",
  "transcript_file": "/courses/6-0001-introduction-to-computer-science-and-programming-in-python-fall-2016/988d8f920e347265ec1acfa644155d03_EFCdr_43qmU.pdf",
  "thumbnail_file": "https://img.youtube.com/vi/EFCdr_43qmU/default.jpg",
  "archive_url": "https://archive.org/download/MIT6.0001F16/MIT6_0001F16_Lecture_01_exercise_03_300k.mp4"}
