{
  "title":"Simple Lists",
  "description": "",
  "file": null,
  "learning_resource_types": [],
  "resource_type": "Video",
  "file_type": null,
  "youtube_key":  "zYVWQpCitKQ",
  "captions_file": "/courses/6-0001-introduction-to-computer-science-and-programming-in-python-fall-2016/8c07513b906f5d1695dcb1b335d343fe_zYVWQpCitKQ.vtt",
  "transcript_file": "/courses/6-0001-introduction-to-computer-science-and-programming-in-python-fall-2016/29c347446971ec2035a3f0caeb85aa20_zYVWQpCitKQ.pdf",
  "thumbnail_file": "https://img.youtube.com/vi/zYVWQpCitKQ/default.jpg",
  "archive_url": "https://archive.org/download/MIT6.0001F16/MIT6_0001F16_Lecture_05_exercise_02_300k.mp4"}
