{
  "title":"Branching",
  "description": "",
  "file": null,
  "learning_resource_types": [],
  "resource_type": "Video",
  "file_type": null,
  "youtube_key":  "jjbWNcIjmzc",
  "captions_file": "/courses/6-0001-introduction-to-computer-science-and-programming-in-python-fall-2016/b99cdf9f17af513faba574e95f4d6fb6_jjbWNcIjmzc.vtt",
  "transcript_file": "/courses/6-0001-introduction-to-computer-science-and-programming-in-python-fall-2016/94271c09ff12398b2c619103cbec8413_jjbWNcIjmzc.pdf",
  "thumbnail_file": "https://img.youtube.com/vi/jjbWNcIjmzc/default.jpg",
  "archive_url": "https://archive.org/download/MIT6.0001F16/MIT6_0001F16_Lecture_02_exercise_03_300k.mp4"}
