{
  "title":"Shell vs. Editor ",
  "description": "",
  "file": null,
  "learning_resource_types": [],
  "resource_type": "Video",
  "file_type": null,
  "youtube_key":  "Y6J8I056Ffw",
  "captions_file": "/courses/6-0001-introduction-to-computer-science-and-programming-in-python-fall-2016/c55b413bcfbf57a78803535b2dd6708f_Y6J8I056Ffw.vtt",
  "transcript_file": "/courses/6-0001-introduction-to-computer-science-and-programming-in-python-fall-2016/bc71a62eb8d54f6379e3a2d1a670c0a5_Y6J8I056Ffw.pdf",
  "thumbnail_file": "https://img.youtube.com/vi/Y6J8I056Ffw/default.jpg",
  "archive_url": "https://archive.org/download/MIT6.0001F16/MIT6_0001F16_Lecture_01_exercise_01_300k.mp4"}
