{
  "title":"Getters and Setters",
  "description": "",
  "file": null,
  "learning_resource_types": [],
  "resource_type": "Video",
  "file_type": null,
  "youtube_key":  "C_pgH5QhIZ8",
  "captions_file": "/courses/6-0001-introduction-to-computer-science-and-programming-in-python-fall-2016/3c256ee9708253e7a7479f38229c8276_C_pgH5QhIZ8.vtt",
  "transcript_file": "/courses/6-0001-introduction-to-computer-science-and-programming-in-python-fall-2016/6208f7b5a17dc17a4205347ea23457bd_C_pgH5QhIZ8.pdf",
  "thumbnail_file": "https://img.youtube.com/vi/C_pgH5QhIZ8/default.jpg",
  "archive_url": "https://archive.org/download/MIT6.0001F16/MIT6_0001F16_Lecture_09_exercise_01_300k.mp4"}
