{
  "title":"Lecture 2: Branching and Iteration",
  "description": "",
  "file": null,
  "learning_resource_types": ["Lecture Videos"],
  "resource_type": "Video",
  "file_type": null,
  "youtube_key":  "0jljZRnHwOI",
  "captions_file": "/courses/6-0001-introduction-to-computer-science-and-programming-in-python-fall-2016/8a169eb715615fa0b797f83ff9d20ab8_0jljZRnHwOI.vtt",
  "transcript_file": "/courses/6-0001-introduction-to-computer-science-and-programming-in-python-fall-2016/d733a4c1bffb18f632d314f93db7cf96_0jljZRnHwOI.pdf",
  "thumbnail_file": "https://img.youtube.com/vi/0jljZRnHwOI/default.jpg",
  "archive_url": "https://archive.org/download/MIT6.0001F16/MIT6_0001F16_Lecture_02_300k.mp4"}
