{
  "title":"Shell vs. Editor ",
  "description": "",
  "file": null,
  "learning_resource_types": [],
  "resource_type": "Video",
  "file_type": null,
  "youtube_key":  "Y6J8I056Ffw",
  "captions_file": "/courses/6-0001-introduction-to-computer-science-and-programming-in-python-fall-2016/b30194ef3f425498849657089e561bd3_Y6J8I056Ffw.vtt",
  "transcript_file": "/courses/6-0001-introduction-to-computer-science-and-programming-in-python-fall-2016/4b42a90262becb77fd1c2a3cc3cb6599_Y6J8I056Ffw.pdf",
  "thumbnail_file": "https://img.youtube.com/vi/Y6J8I056Ffw/default.jpg",
  "archive_url": "https://archive.org/download/MIT6.0001F16/MIT6_0001F16_Lecture_01_exercise_01_300k.mp4"}
