<?xml version="1.0" encoding="utf-8" standalone="yes"?>
<rss version="2.0" xmlns:atom="http://www.w3.org/2005/Atom">
  <channel>
    <title>Readings on MIT OpenCourseWare</title>
    <link>/resources/readings/</link>
    <description>Recent content in Readings on MIT OpenCourseWare</description>
    <generator>Hugo -- gohugo.io</generator>
    <language>en-us</language><atom:link href="/resources/readings/index.xml" rel="self" type="application/rss+xml" />
    <item>
      <title>Readings</title>
      <link>/pages/readings/data.json</link>
      <pubDate>Mon, 01 Jan 0001 00:00:00 +0000</pubDate>
      
      <guid>/pages/readings/data.json</guid>
      <description>Textbook The textbook is Guttag, John. Introduction to Computation and Programming Using Python: With Application to Understanding Data Second Edition. MIT Press, 2016. ISBN: 9780262529624. The book and the course lectures parallel each other, though there is more detail in the book about some topics. It is available both in hard copy and as an e-book.
SES # TOPICS READINGS 1 What is computation? Chapters 1 and 2.1 2 Branching and Iteration Chapters 2.</description>
    </item>
    
  </channel>
</rss>
