{
  "title":"Comparisons",
  "description": "",
  "file": null,
  "learning_resource_types": [],
  "resource_type": "Video",
  "file_type": null,
  "youtube_key":  "lniF6ys2CIk",
  "captions_file": "/courses/6-0001-introduction-to-computer-science-and-programming-in-python-fall-2016/2a310ecfd4a153dabc1f55c0c9651357_lniF6ys2CIk.vtt",
  "transcript_file": "/courses/6-0001-introduction-to-computer-science-and-programming-in-python-fall-2016/ac677a6b04c164d2a7abb7adefa21838_lniF6ys2CIk.pdf",
  "thumbnail_file": "https://img.youtube.com/vi/lniF6ys2CIk/default.jpg",
  "archive_url": "https://archive.org/download/MIT6.0001F16/MIT6_0001F16_Lecture_02_exercise_02_300k.mp4"}
