{
  "title":"Exceptions",
  "description": "",
  "file": null,
  "learning_resource_types": [],
  "resource_type": "Video",
  "file_type": null,
  "youtube_key":  "0Whyfs88TYE",
  "captions_file": "/courses/6-0001-introduction-to-computer-science-and-programming-in-python-fall-2016/3137a1e79cca5702ac65d5f91f630a77_0Whyfs88TYE.vtt",
  "transcript_file": "/courses/6-0001-introduction-to-computer-science-and-programming-in-python-fall-2016/91d2504ca8c093e5e608930ed5e46535_0Whyfs88TYE.pdf",
  "thumbnail_file": "https://img.youtube.com/vi/0Whyfs88TYE/default.jpg",
  "archive_url": "https://archive.org/download/MIT6.0001F16/MIT6_0001F16_Lecture_07_exercise_03_300k.mp4"}
