{
  "title":"Lecture 9: Python Classes and Inheritance",
  "description": "",
  "file": null,
  "learning_resource_types": ["Lecture Videos"],
  "resource_type": "Video",
  "file_type": null,
  "youtube_key":  "FlGjISF3l78",
  "captions_file": "/courses/6-0001-introduction-to-computer-science-and-programming-in-python-fall-2016/aed16ab8ac985193be54b211502f6790_FlGjISF3l78.vtt",
  "transcript_file": "/courses/6-0001-introduction-to-computer-science-and-programming-in-python-fall-2016/a8263388f8f67a79f4eafecbc3a69198_FlGjISF3l78.pdf",
  "thumbnail_file": "https://img.youtube.com/vi/FlGjISF3l78/default.jpg",
  "archive_url": "https://archive.org/download/MIT6.0001F16/MIT6_0001F16_Lecture_09_300k.mp4"}
