{
  "title":"List Aliasing / Mutation",
  "description": "",
  "file": null,
  "learning_resource_types": [],
  "resource_type": "Video",
  "file_type": null,
  "youtube_key":  "FKp-6sojt9A",
  "captions_file": "/courses/6-0001-introduction-to-computer-science-and-programming-in-python-fall-2016/7ed7a5a673ff5766ac36f2c0d11769a3_FKp-6sojt9A.vtt",
  "transcript_file": "/courses/6-0001-introduction-to-computer-science-and-programming-in-python-fall-2016/a4a712663fab1d42f16f73bc5eb61a22_FKp-6sojt9A.pdf",
  "thumbnail_file": "https://img.youtube.com/vi/FKp-6sojt9A/default.jpg",
  "archive_url": "https://archive.org/download/MIT6.0001F16/MIT6_0001F16_Lecture_05_exercise_04_300k.mp4"}
