{
  "title":"Class Instance",
  "description": "",
  "file": null,
  "learning_resource_types": [],
  "resource_type": "Video",
  "file_type": null,
  "youtube_key":  "2__KumJsGXc",
  "captions_file": "/courses/6-0001-introduction-to-computer-science-and-programming-in-python-fall-2016/c183e98852b65e3bb9092e380e478c86_2__KumJsGXc.vtt",
  "transcript_file": "/courses/6-0001-introduction-to-computer-science-and-programming-in-python-fall-2016/4af66bdbb6c972292dbeeccb437d1738_2__KumJsGXc.pdf",
  "thumbnail_file": "https://img.youtube.com/vi/2__KumJsGXc/default.jpg",
  "archive_url": "https://archive.org/download/MIT6.0001F16/MIT6_0001F16_Lecture_08_exercise_02_300k.mp4"}
