{
  "title":"Branching",
  "description": "",
  "file": null,
  "learning_resource_types": [],
  "resource_type": "Video",
  "file_type": null,
  "youtube_key":  "jjbWNcIjmzc",
  "captions_file": "/courses/6-0001-introduction-to-computer-science-and-programming-in-python-fall-2016/6cf9ce0dd66c5255bacd5c6b8d9e8ecd_jjbWNcIjmzc.vtt",
  "transcript_file": "/courses/6-0001-introduction-to-computer-science-and-programming-in-python-fall-2016/a640f2f5d6a754f8181ea77a01c60579_jjbWNcIjmzc.pdf",
  "thumbnail_file": "https://img.youtube.com/vi/jjbWNcIjmzc/default.jpg",
  "archive_url": "https://archive.org/download/MIT6.0001F16/MIT6_0001F16_Lecture_02_exercise_03_300k.mp4"}
