{
  "title":"Simple Lists",
  "description": "",
  "file": null,
  "learning_resource_types": [],
  "resource_type": "Video",
  "file_type": null,
  "youtube_key":  "zYVWQpCitKQ",
  "captions_file": "/courses/6-0001-introduction-to-computer-science-and-programming-in-python-fall-2016/3ee3931998af55cd9462d5706c4eaef0_zYVWQpCitKQ.vtt",
  "transcript_file": "/courses/6-0001-introduction-to-computer-science-and-programming-in-python-fall-2016/6e5926f9e308c4269aaf2892cc304392_zYVWQpCitKQ.pdf",
  "thumbnail_file": "https://img.youtube.com/vi/zYVWQpCitKQ/default.jpg",
  "archive_url": "https://archive.org/download/MIT6.0001F16/MIT6_0001F16_Lecture_05_exercise_02_300k.mp4"}
