{"006db889-99ee-9813-384c-922dbcce45e6":"/resources/lecture-9-python-classes-and-inheritance/data.json","0170dc8c-3b84-7dd4-8959-9a073ea30d78":"/pages/in-class-questions-and-video-solutions/lecture-4-video-solutions/data.json","01c07d8f-bd40-6440-2253-a19dcc1754ea":"/pages/in-class-questions-and-video-solutions/lecture-2-video-solutions/data.json","01c3102e-0f47-18c2-99b4-c5c2ea7d2453":"/resources/ncpb4wisqu8-2/data.json","021d8a0e-70c6-4737-bc1f-315eea727f84":"/pages/in-class-questions-and-video-solutions/lecture-1/data.json","0378f3cf-226f-64ab-016c-1bbec4e9436c":"/resources/while-loops-1/data.json","03c0992b-7c0c-f9d7-4884-b45e19a5b5f7":"/resources/vqn_yk5afci-1/data.json","0462232c-260f-396b-7a56-643256aeb5f6":"/resources/4wtaflayz_w-2/data.json","04a7dce7-569d-2cb0-5144-aab86c1165e7":"/resources/4wtaflayz_w-1/data.json","066eba6e-a6d5-6a88-e56a-e325940d4c4c":"/resources/mit6_0001f16_lec10/data.json","07028c1b-bcf7-59b2-929b-138cf76bd87b":"/resources/-jjuotiashw-5/data.json","0705ac9d-cc7e-637a-0e8e-9d97eb258a26":"/resources/lec8_classes/data.json","0796587a-1cf0-daac-e1ad-9a6066185a1d":"/resources/strings/data.json","09462de5-3d74-76ec-0e98-af9bcbb227d8":"/resources/-wz4iu2v-yo-2/data.json","0cef52e7-82d2-1dee-4474-7687efafef6f":"/resources/lecture-5-tuples-lists-aliasing-mutability-and-cloning/data.json","0dfeb4ad-8093-5a4d-f512-f5a5f28554ab":"/resources/w4uxydpsjbw-2/data.json","10cee5c2-3c90-3427-1800-f886a7ec68db":"/resources/6-0001f16-th/data.json","116b77d9-7285-6a45-a540-4ffe27132bd5":"/resources/functions-as-arguments/data.json","1202749c-b2fe-af4d-cdaf-6b0d8a1ad1e1":"/resources/5mcje8e5gig-2/data.json","12c131f3-bb52-2b52-4ff1-2bb096c7920c":"/resources/bindings/data.json","13a7a20e-33d6-cf30-bedf-5622c894fd17":"/resources/qq7i2mqnrtu-1/data.json","13ce6276-07ef-a998-2ae6-32cd68faed56":"/resources/w4uxydpsjbw-3/data.json","13f7b896-c754-8549-ae4d-5e8f2c5c20b6":"/resources/p-0w8xwcndq-3/data.json","143cd66d-44d6-ee16-6bfc-8eef90d7af0e":"/resources/lecture-4-decomposition-abstraction-and-functions/data.json","14474466-362c-520a-a6a6-9016800e7bd9":"/resources/p-0w8xwcndq-4/data.json","16205ba1-7632-870b-28fa-675bd8e96d2c":"/resources/function-calls-1/data.json","1776670e-2715-78ee-b99f-c25975f20586":"/resources/mit6_0001f16_lec5/data.json","179b5f41-d5d9-0fdb-dfd6-b8c28021b263":"/resources/for-loops/data.json","17e5e520-bddb-5eef-a343-8e3894632c10":"/resources/zyvwqpcitkq/data.json","18219eb4-df64-570e-9ac2-7b783c865b5a":"/resources/5mcje8e5gig-5/data.json","18dc3aad-db9d-790b-36af-aebd659e9da7":"/resources/4wtaflayz_w/data.json","1a4842e8-b4a1-b4ab-1c26-76ce20e6767b":"/resources/p-0w8xwcndq-1/data.json","1ac6fc5c-6ce8-5516-8d82-eae3695a4deb":"/resources/qaohemnpnmu-4/data.json","1bbe737a-47db-4c78-3c90-29578fd82778":"/resources/mrvbnzieszy-1/data.json","1c813f68-9d7c-f8b5-2eb6-eae66aab6e13":"/resources/ax4enmi9dw-1/data.json","1cc0b75f-6ddf-fa1f-4045-9620909426f9":"/resources/python-vs-1/data.json","1d65ba61-fcc2-bd84-c648-e07109f620c1":"/resources/6lowphpdwvc-1/data.json","1ee521e6-b140-0a30-12d0-f70c2a8334ce":"/resources/for-loops-with-strings/data.json","2226ae59-937c-cf51-58c9-dd6c87a32c66":"/resources/lnif6ys2cik-2/data.json","22a6fadb-e4f1-343a-e332-e2313ecf66fe":"/resources/list-aliasing-mutation/data.json","22dd6623-b5e8-ec74-5e8a-8b8b7f64e471":"/resources/goalldamepe-2/data.json","23a4c932-2046-5642-b51a-764e3b83192b":"/resources/f-_pkuum-qy-5/data.json","23a4cf2a-5f55-5710-96cc-4fe6d3ab2048":"/resources/c_pgh5qhiz8-2/data.json","24dffbac-67ce-ff19-fa5d-999804c8839b":"/resources/functions-as-arguments-1/data.json","259c769f-3ac2-53f9-93ff-edfebfba96aa":"/resources/4gpwo38mnss-4/data.json","272cefe6-cf36-a6b7-ab49-60209e41b62d":"/resources/o9nw0ubqveo-1/data.json","27d5a7a8-b4b5-507b-854e-2feb71cb8290":"/resources/qaohemnpnmu-5/data.json","28876eea-cee8-2a43-5366-7dc6e68a0bd8":"/resources/lecture-7-testing-debugging-exceptions-and-assertions/data.json","29c34744-6971-ec20-35a3-f0caeb85aa20":"/resources/zyvwqpcitkq-1/data.json","2a310ecf-d4a1-53da-bc1f-55c0c9651357":"/resources/lnif6ys2cik-4/data.json","2ab34ff6-e186-6f18-2962-a855a9859435":"/resources/special-methods-1/data.json","2c04fb25-9121-79e0-e60b-f9336bd802d6":"/resources/black-box-and-glass-box-testing/data.json","2c8002a3-d66b-6311-68aa-d2cfc7cc86e2":"/resources/o9nw0ubqveo/data.json","2cd211c4-c7f4-7153-bbc4-13099ae2d2e1":"/resources/mjbuarj7se0-1/data.json","2d1ecaea-f49e-8ee7-cac3-ea3ce9cbe081":"/pages/in-class-questions-and-video-solutions/lecture-5/data.json","2dad9223-a5aa-ebd8-e51e-7c5f6beeb3d8":"/resources/branching/data.json","2dd6c75e-7b4b-d6bd-1350-78e6f3701201":"/resources/mit6_0001f16_lec9/data.json","2f4aca34-61c3-939b-e1a8-adb62c0a9a0e":"/resources/-wz4iu2v-yo-3/data.json","3069fca6-cb3e-f73b-b06d-cb3abbe995be":"/resources/simple-lists-1/data.json","3081a61e-871f-bb60-35b4-014be75c3392":"/resources/method-call/data.json","310536cd-5f5a-a1fc-0c11-726ce13c565e":"/resources/lec12_sorting/data.json","3132d269-6354-5a69-3b6e-44be988225f9":"/resources/subclass/data.json","3137a1e7-9cca-5702-ac65-d5f91f630a77":"/resources/0whyfs88tye-4/data.json","323e8005-1abe-3b35-143a-5f5d9c0d0eaa":"/resources/lecture-1-what-is-computation/data.json","34ab63b8-2a9d-3db4-12f7-efbf3523f7f2":"/resources/class-instance/data.json","383972c5-1db0-a96c-e222-1024b1e78b21":"/resources/errors/data.json","385141ae-56a3-bd0b-bd5c-dc1d3437069f":"/resources/5mcje8e5gig-3/data.json","3a797988-eba0-b1aa-0a9f-5beacf1b446e":"/resources/ps5/data.json","3b181850-5a4c-6c72-8494-1360f5401ec2":"/resources/lecture-8-object-oriented-programming/data.json","3b1d84e0-2b94-31db-a47c-7a089b2f8d84":"/resources/exceptions/data.json","3b3e814f-fe2e-f349-fac1-5598b99ee8a1":"/resources/f-_pkuum-qy-3/data.json","3b43568b-5ffb-5dac-926f-47475f090a67":"/resources/-jjuotiashw-4/data.json","3bfc0edc-979a-24c1-d382-803d849af74a":"/resources/nykoewgqchm/data.json","3c256ee9-7082-53e7-a747-9f38229c8276":"/resources/c_pgh5qhiz8-4/data.json","3eda8246-cc53-5805-ab8a-c5a7f9bd6e84":"/resources/f-_pkuum-qy-4/data.json","3edf8cfe-67db-5271-6640-931f6ec6af30":"/resources/lecture-2-branching-and-iteration/data.json","3ee39319-98af-55cd-9462-d5706c4eaef0":"/resources/zyvwqpcitkq-5/data.json","424af00c-cc66-0535-fc3c-5422ee28cff4":"/resources/qaohemnpnmu/data.json","42d52f1c-1849-5cef-94a3-43364b38c7aa":"/resources/6lowphpdwvc-2/data.json","43cb621f-58a2-fd7c-7cf1-c50e8e0a9d57":"/video_galleries/lecture-videos/data.json","45fc5680-1f2d-15e3-0f1b-14d6e5bc9ee5":"/resources/tuples-1/data.json","4798c8d1-b216-faca-9232-e4f0127f18bd":"/resources/bindings-1/data.json","47cee8b9-3c70-5790-83a5-1a57875b4107":"/resources/wpseyjx1-4s-2/data.json","4857d741-e66f-d5ec-4116-62b431b5f3fd":"/resources/qaohemnpnmu-1/data.json","4873fb91-9730-e84a-6d45-d0bfd84e8c3a":"/resources/subclass-1/data.json","48d373c3-39a2-35b3-2c5a-547d3114efe5":"/resources/goalldamepe-1/data.json","48fd374f-a465-8f73-ac6b-c3839ea389ad":"/resources/5mcje8e5gig-1/data.json","49ea7482-f51a-5484-b843-32f10e7594ff":"/resources/-wz4iu2v-yo-5/data.json","4a67450a-08df-9786-3acb-0e4827922a68":"/resources/lecture-11-understanding-program-efficiency-part-2/data.json","4af66bdb-b6c9-7229-2dbe-eccb437d1738":"/resources/2__kumjsgxc-1/data.json","4b42a902-62be-cb77-fd1c-2a3cc3cb6599":"/resources/y6j8i056ffw-1/data.json","4d35008a-be5b-8345-0720-6156b3172f2d":"/resources/methods-1/data.json","4ebdb49d-2ede-7d13-d87e-831e21576be8":"/resources/vqn_yk5afci-3/data.json","4f4256e8-99a1-396c-7b78-8c0d1442d6ca":"/pages/assignments/data.json","4f5f254b-8a68-568e-82e3-6b6c96548c72":"/resources/mrvbnzieszy-4/data.json","4fadd3c5-b31b-5897-b5e9-2084aa9872c5":"/resources/2__kumjsgxc-5/data.json","503fde59-f31e-7080-79c0-fa53a1a4b260":"/resources/2__kumjsgxc-3/data.json","50aed4f4-f04f-fe2b-2b0c-729fd84c52f1":"/resources/goalldamepe/data.json","51bdde43-dfd7-73ba-2074-7ce5d89119ac":"/resources/mit6_0001f16_lec7/data.json","5301e918-891d-ce48-fd37-0769aed6daa4":"/resources/goalldamepe-3/data.json","53f27d55-eb93-57d7-85d6-e1536e2077ce":"/resources/vqn_yk5afci-5/data.json","544153a4-10f9-3b27-bd26-54102d232e60":"/resources/qaohemnpnmu-3/data.json","548a73f0-c2bd-bb38-690b-abcbf631d541":"/pages/readings/data.json","54cf75d9-557a-304e-adf9-10e53493a388":"/resources/python-vs/data.json","562d383c-121d-2bb8-ef06-35db627fedd2":"/resources/4gpwo38mnss-2/data.json","57d4875c-3628-78b0-ff93-e434e4d4c86d":"/resources/list-aliasing-mutation-1/data.json","5a9c0226-58d6-5cba-ab28-3244b3dd08f8":"/resources/-dp1i2zu9gk-2/data.json","5b5ce068-2c40-8fcd-e630-aee685a1b530":"/resources/list-operations/data.json","5b910f6f-6c71-216b-fc96-36d53411fbac":"/resources/7lqxyl_l28w-1/data.json","5b913ed8-e503-037d-3a8b-05b601bf8806":"/resources/p-0w8xwcndq-2/data.json","5da9be03-d190-414b-ef18-f95721d7fe07":"/resources/vqn_yk5afci-2/data.json","5dbf3131-e472-f4f0-13b1-896c05b9f7a3":"/resources/mit6_0001f16_additional/data.json","5fd94350-8743-1ea7-9ccb-56be79cef638":"/resources/class-definition-1/data.json","5fe042bb-51ea-5aff-9382-6736b62a00cd":"/resources/4wtaflayz_w-4/data.json","60c82174-3d50-865a-1e3a-3835d4ffc1f1":"/resources/class-definition/data.json","6123f1f2-020a-58ca-84ed-270199535eae":"/resources/lnif6ys2cik/data.json","6208f7b5-a17d-c17a-4205-347ea23457bd":"/resources/c_pgh5qhiz8-1/data.json","63eaff7b-965b-584d-7721-9d0f28b5b9d7":"/resources/8s0d87sjy1a/data.json","6425d0da-bb1c-ea1a-076b-8c46c0ae2da6":"/resources/mit6_0001f16_lec12/data.json","647b4a7f-321f-82fe-4694-ae7838ad1eec":"/resources/0jljzrnhwoi/data.json","65aaf446-8cd3-99bb-e709-87a4b31ced35":"/resources/comparisons/data.json","666db218-db6d-8103-cdcf-41e2960132be":"/pages/in-class-questions-and-video-solutions/lecture-2/data.json","66c625b1-e466-1c25-1075-86484d5be49c":"/resources/efcdr_43qmu-2/data.json","66d41c55-078d-2529-b772-e76a4758e7b1":"/resources/f-_pkuum-qy-2/data.json","678646fa-7bd0-df01-4b7a-c47adbdbe694":"/pages/syllabus/data.json","67952263-7ad6-02a9-2b3c-a0802240224a":"/resources/qq7i2mqnrtu-3/data.json","6b09eb77-ff5c-62be-5450-ae89c557a155":"/resources/lnif6ys2cik-3/data.json","6ba59859-535f-1566-dd57-a7279aeba5d1":"/resources/mit6_0001f16_lec4/data.json","6cb86052-3df7-e083-92ab-4556b4ef651a":"/resources/8s0d87sjy1a-3/data.json","6cf9ce0d-d66c-5255-bacd-5c6b8d9e8ecd":"/resources/jjbwncijmzc-4/data.json","6d9ba3c7-abff-5102-a40a-71f0f7077e58":"/resources/mrvbnzieszy-5/data.json","6e2747d4-f921-52b8-a5cf-50493d1345d0":"/resources/se4p7ivcune-2/data.json","6e53e02a-6872-483e-3075-3c34209e3edd":"/resources/ax4enmi9dw-3/data.json","6e5926f9-e308-c426-9aaf-2892cc304392":"/resources/zyvwqpcitkq-3/data.json","6ea25fa7-7407-820b-9662-827bc22a1abc":"/resources/9h6muyzjms0/data.json","6edc711c-65af-4dd1-e5ed-dafa5c9b14a3":"/resources/p-0w8xwcndq/data.json","6ee3c0a2-92f8-549c-9731-6557478ef6c6":"/resources/9h6muyzjms0-2/data.json","6f345174-e0dc-c7e8-1d42-cb983600c3b0":"/pages/in-class-questions-and-video-solutions/lecture-3/data.json","706228e5-9276-1d9c-7c1c-073f8ba7a6cc":"/resources/lec6_recursion_dictionaries/data.json","7133484b-6c6c-d61d-3135-927babcf844f":"/resources/string-manipulations/data.json","72291ca1-d4a3-55ab-aa11-6a3156379efb":"/resources/o9nw0ubqveo-2/data.json","76467930-a89f-f696-53f0-8a84d298afed":"/resources/strings-1/data.json","7741b28f-edbf-cfca-89e7-6e58a8b80ebe":"/resources/4gpwo38mnss-1/data.json","79bc295f-7400-57e6-a284-fd51e8e2c9b6":"/resources/qq7i2mqnrtu-5/data.json","7a6f85d0-3f13-2dcd-9d75-92bc4643be1c":"/resources/mit6_0001f16_lec8/data.json","7b5294e2-c78e-0aaf-273b-4149ec55c1b1":"/resources/ps0/data.json","7dad759a-413f-ba6c-cdb0-ddd9e4944cc9":"/resources/7lqxyl_l28w/data.json","7e19ebcb-2981-7e0e-6048-cd7e42949aa8":"/resources/8s0d87sjy1a-2/data.json","7ed7a5a6-73ff-5766-ac36-f2c0d11769a3":"/resources/fkp-6sojt9a-4/data.json","7ff9a247-2e41-9158-191d-ab60691b41cf":"/resources/-jjuotiashw-3/data.json","81bd275f-eb13-1d9d-b3db-395bb2798aa4":"/resources/efcdr_43qmu-3/data.json","828237fd-efb5-0c69-43b8-3bf16ff40267":"/pages/in-class-questions-and-video-solutions/lecture-4/data.json","8447d5e2-ec80-a130-276e-d9a49283d080":"/resources/flgjisf3l78/data.json","853fadcd-3f0c-611e-f65d-59226b737317":"/resources/mrvbnzieszy-3/data.json","86807bcd-f508-e055-618e-74f3d00e6bc7":"/pages/in-class-questions-and-video-solutions/lecture-3-video-solutions/data.json","86c7111d-6b74-fc87-6f3a-70164581d0b2":"/resources/mrvbnzieszy-2/data.json","86de73a0-66f0-1d7b-f9e6-39a6c203849a":"/resources/black-box-and-glass-box-testing-1/data.json","87450a3b-b883-546d-a3cd-a15e422b259f":"/resources/rvrkt-jxvko-2/data.json","87537b55-718f-a9cb-c8de-13e1827e431b":"/resources/qaohemnpnmu-2/data.json","876348c6-52c5-353d-accc-96e1b7d577bb":"/resources/mit6_0001f16_lec6/data.json","87b5cc41-c447-517c-bf6d-1d4764b5c488":"/resources/ncpb4wisqu8-4/data.json","88de925a-1fb9-25e4-6a08-bc5f34d029bd":"/resources/lec3_strings_algos/data.json","89d4f8a4-78a9-57b4-9244-641cb53d1cf8":"/resources/mjbuarj7se0-2/data.json","8a169eb7-1561-5fa0-b797-f83ff9d20ab8":"/resources/0jljzrnhwoi-2/data.json","8bb0a13a-4687-52d3-963e-733821818f08":"/resources/efcdr_43qmu-5/data.json","8c07513b-906f-5d16-95dc-b1b335d343fe":"/resources/zyvwqpcitkq-4/data.json","8c2dc203-7bcd-0d88-7ae8-5c97213046ec":"/resources/fkp-6sojt9a-2/data.json","8c95d639-75bf-95ad-3e09-a57e07dfae48":"/resources/method-call-1/data.json","8cf75481-d704-7180-c386-de3e485bd050":"/resources/mit6_0001f16_ps1/data.json","8cfa58ae-2ed1-570d-83fe-3190d4a0fa61":"/resources/5mcje8e5gig-4/data.json","8d09eeff-9d83-a981-d931-fdfbd0e7e548":"/resources/ncpb4wisqu8-3/data.json","8d4bf466-94b2-a444-f2ea-c03df457bfe3":"/resources/branching-1/data.json","8e67d90a-af5a-69f5-79bb-487a54a6a200":"/resources/ncpb4wisqu8/data.json","8f01f9c1-6ce0-d340-2fd9-8b689be69b06":"/resources/5mcje8e5gig/data.json","8f794e18-85df-50c8-b863-a7c6f9f1dc11":"/resources/0whyfs88tye-5/data.json","90437715-5587-0e2a-162a-d418b4edb7a5":"/resources/y6j8i056ffw-2/data.json","904de062-253d-2fad-3064-ab5ca917883d":"/resources/nykoewgqchm-1/data.json","90da1b44-fd70-a714-0f87-7cac35106c9e":"/resources/f-_pkuum-qy-1/data.json","91d2504c-a8c0-93e5-e608-930ed5e46535":"/resources/0whyfs88tye-1/data.json","91e6eccb-1e3b-53c3-b94a-2e44d5e9c0d4":"/resources/4gpwo38mnss-5/data.json","920cc911-b6eb-5747-f2cc-d431bbc4306b":"/resources/lec1/data.json","94271c09-ff12-398b-2c61-9103cbec8413":"/resources/jjbwncijmzc-3/data.json","94be33d1-e6c7-5f5f-a3ed-ace1d95c59a3":"/resources/4wtaflayz_w-5/data.json","94c9a08c-fcfc-0b5e-91c5-1c776d4cdfc0":"/resources/y6j8i056ffw/data.json","95908b32-5035-a438-d706-591a99dbdaef":"/resources/shell-vs-1/data.json","9609bbbf-5729-58b2-9b41-13aef60438d5":"/resources/ncpb4wisqu8-5/data.json","962169c3-96cd-68bd-daf1-5d0269f39eec":"/resources/4gpwo38mnss-3/data.json","988d8f92-0e34-7265-ec1a-cfa644155d03":"/resources/efcdr_43qmu-1/data.json","98e0a979-5142-ec48-711c-5d6c49eab714":"/resources/lecture-10-understanding-program-efficiency-part-1/data.json","9a5d9682-7ee1-30e3-6b1f-843756967b42":"/resources/w4uxydpsjbw/data.json","9c97a546-1082-5310-a6bf-aeda6153148a":"/resources/efcdr_43qmu-4/data.json","9d448576-799c-c792-b82f-d8f065261288":"/resources/4gpwo38mnss/data.json","9d60429b-e266-c60a-1276-132a267dd5bf":"/resources/string-manipulations-1/data.json","9e8439a2-7af1-8817-e046-ac37333d03f6":"/resources/lec4_functions/data.json","9edfca31-e2d5-36dc-47f1-165d7580ae58":"/resources/6lowphpdwvc/data.json","9ef27727-7359-36c0-84d3-143001b73245":"/resources/exceptions-1/data.json","9f9ec469-c7ca-4ad9-1fd1-8591246b7a5a":"/resources/ax4enmi9dw-2/data.json","9fa9dd0c-078c-0527-cd9d-278c902a9570":"/resources/shell-vs/data.json","a0d188d1-6072-5932-7318-532adf7d12a2":"/resources/vqn_yk5afci/data.json","a105f0a2-2069-6d6d-2ecb-c3a529f3eeaa":"/pages/in-class-questions-and-video-solutions/lecture-9-video-solutions/data.json","a27d9274-0061-7c81-2c69-9e410abedf09":"/resources/class-instance-1/data.json","a3021c51-3b18-53bb-b2af-27b7540b342e":"/resources/srkqbloqceo-4/data.json","a498a7c0-0294-f530-2221-a276a8e2de3d":"/resources/0whyfs88tye-3/data.json","a4a71266-3fab-1d42-f16f-73bc5eb61a22":"/resources/fkp-6sojt9a-1/data.json","a51a0e44-3261-1cef-4e80-e8543993142c":"/resources/special-methods/data.json","a57c7786-04ec-0743-8250-f01957eb34b1":"/pages/in-class-questions-and-video-solutions/lecture-5-video-solutions/data.json","a640f2f5-d6a7-54f8-181e-a77a01c60579":"/resources/jjbwncijmzc-1/data.json","a643c362-e0d6-f2c6-2927-33b3933b6213":"/resources/srkqbloqceo-2/data.json","a656e4e2-eac1-6346-167e-90f6ff1be1b8":"/resources/simple-lists/data.json","a746f6bc-380f-5e6d-807f-fff5f56cd877":"/resources/nykoewgqchm-2/data.json","a7631b00-301a-a9c1-e189-20cc24afff6e":"/resources/0whyfs88tye/data.json","a8263388-f8f6-7a79-f4ea-fecbc3a69198":"/resources/flgjisf3l78-1/data.json","a937d211-1280-1324-65b8-3e25eb35f37e":"/resources/-wz4iu2v-yo/data.json","a9ad8000-8108-c3c6-23be-7fa49037b76a":"/resources/lecture-12-searching-and-sorting/data.json","a9df4249-541a-97c3-5064-18f1e555c0c7":"/resources/rvrkt-jxvko-1/data.json","aa2f1860-d51a-521b-8a91-c8e39b3330a8":"/resources/7lqxyl_l28w-2/data.json","aa5ba8ed-a730-fe61-e8d6-42e0aa2dd5c5":"/resources/function-calls/data.json","abdd1d61-892c-cce9-be2a-d84e52004e07":"/resources/lec7_debug_except/data.json","abf967ff-ca4a-5cba-9a82-150a7f5980ff":"/resources/srkqbloqceo-5/data.json","ac677a6b-04c1-64d2-a7ab-b7adefa21838":"/resources/lnif6ys2cik-1/data.json","ae2d7d7f-6626-b341-1b50-6f348570d2a6":"/resources/comparisons-1/data.json","ae537b87-1f1e-6487-a2ac-5c0108a5bb9c":"/resources/9h6muyzjms0-1/data.json","aed16ab8-ac98-5193-be54-b211502f6790":"/resources/flgjisf3l78-2/data.json","aed20ccc-f82d-515e-8218-c608b6a375b7":"/resources/w4uxydpsjbw-4/data.json","af1b4fca-6795-7762-458d-d60c41910a18":"/resources/w4uxydpsjbw-1/data.json","af786579-cb33-634a-ecc4-dbc2c6cc4b86":"/resources/c_pgh5qhiz8-3/data.json","afbb6ed7-dc09-5a0c-92f5-873fd06c49a4":"/resources/p-0w8xwcndq-5/data.json","b0c6a10d-950f-de53-9afc-3c52b48c9878":"/resources/2__kumjsgxc/data.json","b1fa5700-0d98-5224-b9f0-ce4e6753bdc1":"/resources/8s0d87sjy1a-5/data.json","b2ed2f45-9ae1-7c53-7efa-cbc73dd6a39a":"/resources/-dp1i2zu9gk-1/data.json","b30194ef-3f42-5498-8496-57089e561bd3":"/resources/y6j8i056ffw-4/data.json","b45d57fe-f003-a927-b19c-3e076fc18053":"/resources/-jjuotiashw-2/data.json","b4828817-d147-3ada-8f4b-ccc1fc0cfbf3":"/resources/lecture-6-recursion-and-dictionaries/data.json","b4d330ce-51f7-17c7-817d-6f233d8c39ee":"/resources/fkp-6sojt9a/data.json","b50f9ca9-e5d8-512c-b50e-0f6c4acb9539":"/resources/goalldamepe-4/data.json","b93ae723-a689-f41a-9536-414ea54960e7":"/resources/methods/data.json","b99cdf9f-17af-513f-aba5-74e95f4d6fb6":"/resources/jjbwncijmzc-5/data.json","b9b9a82a-29e8-746d-b1fa-cfbd30c07940":"/resources/mit6_0001f16_lec3/data.json","b9e781ff-fb35-316c-c94e-2c303b23e695":"/resources/ax4enmi9dw/data.json","ba2947b2-5b15-80e4-a84d-f0ec5dbe5cdd":"/resources/mit6_0001f16_lec2/data.json","bad72996-d1e1-2905-5544-ac4897e4266c":"/resources/mrvbnzieszy/data.json","bb7bc760-922a-bfcd-37f5-d8b9203d771f":"/resources/6-0001f16/data.json","bb953fb8-1d4a-fa3b-c837-c16eba613955":"/resources/mit6_0001f16_lec11/data.json","bc17a2a8-8c8d-af47-0894-0fbd1d790786":"/resources/f-_pkuum-qy/data.json","bc71a62e-b8d5-4f63-79e3-a2d1a670c0a5":"/resources/y6j8i056ffw-3/data.json","bcfbf5fb-dae3-c9ac-acfa-457c7ad5f46e":"/resources/ps4/data.json","bdf80086-7e67-62c6-758e-cd2230178f41":"/resources/lec11_complexity_part2/data.json","bf8a046c-b31c-5c0a-83d0-185a5b53104a":"/resources/ax4enmi9dw-4/data.json","bf8e8195-044d-5f6a-efc1-a455968e2f3e":"/resources/lec9_inheritance/data.json","bfa32fd2-41d8-8ae0-2cd3-157aed232bac":"/resources/lec10_complexity_part1/data.json","c114abbb-1126-527a-8dc5-f53fb19643c7":"/resources/lnif6ys2cik-5/data.json","c183e988-52b6-5e3b-b909-2e380e478c86":"/resources/2__kumjsgxc-4/data.json","c194b3a4-6abc-5e09-e950-3ce3c8d6e987":"/pages/in-class-questions-and-video-solutions/lecture-8-video-solutions/data.json","c3c5ca5c-8a94-5476-8c7d-690bf45b92d1":"/resources/vqn_yk5afci-4/data.json","c42afaf2-c664-5c3a-a119-81333cafe1ef":"/resources/efcdr_43qmu/data.json","c4e79feb-d329-f620-2a0b-250ea3c746aa":"/resources/getters-and-setters/data.json","c55b413b-cfbf-57a7-8803-535b2dd6708f":"/resources/y6j8i056ffw-5/data.json","c7d87e11-79bb-caad-0a2e-edbc7c6c03c8":"/pages/in-class-questions-and-video-solutions/lecture-7-video-solutions/data.json","c88dfc9d-7d17-a3d0-29d5-bc0dbe2ae508":"/resources/-jjuotiashw/data.json","c9f180f7-568d-fdb9-55f6-4ae1ae784390":"/resources/tuples/data.json","cb684f01-3d3b-d727-7d95-d82b83f69ef1":"/resources/qq7i2mqnrtu-2/data.json","cbac1017-c6e4-57f2-9d15-64d3bfc73988":"/resources/c_pgh5qhiz8-5/data.json","cbf7192e-1f19-fc8d-0af5-11c771cee322":"/resources/wpseyjx1-4s/data.json","cc354eb3-c371-9759-6b5d-d9a89acecb75":"/resources/fkp-6sojt9a-3/data.json","cc74bf5b-1a22-399e-2712-70abfff469d7":"/pages/in-class-questions-and-video-solutions/data.json","cce41d6a-2d13-e2e8-34ea-11ec962bb944":"/resources/zyvwqpcitkq-2/data.json","cdf5f8e7-f109-9526-55f4-d253ed955555":"/resources/lec5_tuples_lists/data.json","ce82eb29-e433-42b4-043b-895a1b830113":"/resources/rvrkt-jxvko/data.json","d168b144-bfeb-0cd9-daf8-c345966e90d4":"/pages/in-class-questions-and-video-solutions/lecture-9/data.json","d3150e27-dfe9-72e8-349e-65aa20d6d210":"/resources/ncpb4wisqu8-1/data.json","d508dd6d-8f8d-79ca-ca86-9a2dc2bdb72d":"/resources/errors-1/data.json","d57834a8-de13-b157-9b3e-5274e520ea14":"/resources/ps2/data.json","d68f9157-8c16-ffb9-9a7e-ccaf841a13b0":"/resources/se4p7ivcune-1/data.json","d6ee838e-e4c8-5ace-93a4-e170cfd83c03":"/resources/lec2_branch_loops/data.json","d733a4c1-bffb-18f6-32d3-14f93db7cf96":"/resources/0jljzrnhwoi-1/data.json","d8664e38-60c1-090f-2593-8980868bcbca":"/resources/lecture-3-string-manipulation-guess-and-check-approximations-bisection/data.json","d8785c3e-fd45-7653-9a65-753ba4215db2":"/resources/2__kumjsgxc-2/data.json","d8caeefa-a469-4f5a-b53a-01668d623f54":"/resources/4wtaflayz_w-3/data.json","d9f2a265-3fb2-1577-adb9-7c07fd3eae6f":"/resources/srkqbloqceo-1/data.json","dc8365c3-d4a2-d7c9-21ad-aae8b7fb9f19":"/resources/8s0d87sjy1a-1/data.json","dd7d2099-41e5-696b-da9a-d1ffe9f3ec03":"/resources/jjbwncijmzc-2/data.json","ddf5ad40-3841-81a5-a3d9-ae2b64ca366b":"/resources/wpseyjx1-4s-1/data.json","df55a05a-630d-5a4c-b1fa-4676aa15e9d4":"/resources/w4uxydpsjbw-5/data.json","e0ba1ab0-c3f1-50de-abd7-19af81dc8a4d":"/resources/-wz4iu2v-yo-4/data.json","e17ec394-c5c3-5532-98ba-3af026480b17":"/resources/qq7i2mqnrtu-4/data.json","e4752488-aee5-c936-5fda-408484b3ad58":"/resources/se4p7ivcune/data.json","e57c28dc-4eee-c681-d686-777b8555c4f1":"/resources/mjbuarj7se0/data.json","e79417e9-b56b-868a-a5c2-68f6e30b02db":"/resources/for-loops-with-strings-1/data.json","e7b4b94b-c46b-81dd-8592-6fac918e74ee":"/resources/qq7i2mqnrtu/data.json","e7b8b82c-0c0e-55d7-9105-bea2a92f8f88":"/resources/goalldamepe-5/data.json","e8b32576-c66e-2f6c-c5d1-02aca6b757ce":"/resources/ps3/data.json","e8ee72aa-dcd6-7e06-fabf-1f4a8fea4410":"/resources/srkqbloqceo/data.json","e909e336-e407-93af-bc54-0dcf0b03ac3e":"/resources/while-loops/data.json","e921a690-0793-6975-1bcc-e3e34da6c6ee":"/resources/mit6_0001f16_lec1/data.json","ec519c26-809c-5f58-9fc2-f29556c0b28d":"/resources/ax4enmi9dw-5/data.json","ec9758c2-2da9-65c3-657e-4c75de77a9d6":"/resources/list-operations-1/data.json","ec99cb58-aa1b-cfd9-9ffd-99ea011de854":"/resources/-wz4iu2v-yo-1/data.json","ee34d720-2347-aaf2-45b4-0fedd99c00da":"/resources/0whyfs88tye-2/data.json","f29d48e9-16eb-5260-aaf2-6746767ec457":"/resources/8s0d87sjy1a-4/data.json","f39a25a3-5f6b-0d3e-6388-e9b2e8b7438e":"/pages/lecture-slides-code/data.json","f6173231-3f52-9164-402d-295ceb4706e8":"/pages/in-class-questions-and-video-solutions/lecture-7/data.json","f6c6c8fe-7c89-6371-32be-b4805f09446c":"/resources/c_pgh5qhiz8/data.json","f7687ff7-a423-5f6a-bfaa-8c77abf5d636":"/resources/fkp-6sojt9a-5/data.json","f79b8710-4b0a-0f78-7f6a-43413e8eafd0":"/resources/mit6_0001f16_styleguide/data.json","f882a878-aec1-b9fa-77b7-aa7502e7e215":"/resources/-jjuotiashw-1/data.json","f9c608c3-1b33-4e7b-769d-15ef9ec0d0b9":"/resources/-dp1i2zu9gk/data.json","fa4700cd-a2b9-34b3-f58b-0cd212a97e7f":"/resources/srkqbloqceo-3/data.json","fb14b669-9b1e-0956-b009-ca00ceb48af6":"/resources/getters-and-setters-1/data.json","fc24c5ab-1844-baa9-62f3-e8993e4c4905":"/pages/in-class-questions-and-video-solutions/lecture-1-video-solutions/data.json","fd2e2e45-802d-0a8d-766a-7ed5f77db5a3":"/resources/for-loops-1/data.json","ff3c1703-f79a-595d-674c-d6388a7ada7f":"/resources/jjbwncijmzc/data.json","ffd17f7b-b232-3aab-9bf4-1b8697c77ccd":"/pages/in-class-questions-and-video-solutions/lecture-8/data.json"}