{
  "title":"For Loops With Strings",
  "description": "",
  "file": null,
  "learning_resource_types": [],
  "resource_type": "Video",
  "file_type": null,
  "youtube_key":  "4WtaFLayz_w",
  "captions_file": "/courses/6-0001-introduction-to-computer-science-and-programming-in-python-fall-2016/5fe042bb51ea5aff93826736b62a00cd_4WtaFLayz_w.vtt",
  "transcript_file": "/courses/6-0001-introduction-to-computer-science-and-programming-in-python-fall-2016/04a7dce7569d2cb05144aab86c1165e7_4WtaFLayz_w.pdf",
  "thumbnail_file": "https://img.youtube.com/vi/4WtaFLayz_w/default.jpg",
  "archive_url": "https://archive.org/download/MIT6.0001F16/MIT6_0001F16_Lecture_03_exercise_02_300k.mp4"}
