{
  "title":"Lecture 1: What is Computation?",
  "description": "",
  "file": null,
  "learning_resource_types": ["Lecture Videos"],
  "resource_type": "Video",
  "file_type": null,
  "youtube_key":  "nykOeWgQcHM",
  "captions_file": "/courses/6-0001-introduction-to-computer-science-and-programming-in-python-fall-2016/a746f6bc380f5e6d807ffff5f56cd877_nykOeWgQcHM.vtt",
  "transcript_file": "/courses/6-0001-introduction-to-computer-science-and-programming-in-python-fall-2016/904de062253d2fad3064ab5ca917883d_nykOeWgQcHM.pdf",
  "thumbnail_file": "https://img.youtube.com/vi/nykOeWgQcHM/default.jpg",
  "archive_url": "https://archive.org/download/MIT6.0001F16/MIT6_0001F16_Lecture_01_300k.mp4"}
