{
  "title":"Strings",
  "description": "",
  "file": null,
  "learning_resource_types": [],
  "resource_type": "Video",
  "file_type": null,
  "youtube_key":  "w4uxYDPsjbw",
  "captions_file": "/courses/6-0001-introduction-to-computer-science-and-programming-in-python-fall-2016/df55a05a630d5a4cb1fa4676aa15e9d4_w4uxYDPsjbw.vtt",
  "transcript_file": "/courses/6-0001-introduction-to-computer-science-and-programming-in-python-fall-2016/13ce627607efa9982ae632cd68faed56_w4uxYDPsjbw.pdf",
  "thumbnail_file": "https://img.youtube.com/vi/w4uxYDPsjbw/default.jpg",
  "archive_url": "https://archive.org/download/MIT6.0001F16/MIT6_0001F16_Lecture_02_exercise_01_300k.mp4"}
