{
  "title":"Lecture 6: Recursion and Dictionaries",
  "description": "",
  "file": null,
  "learning_resource_types": ["Lecture Videos"],
  "resource_type": "Video",
  "file_type": null,
  "youtube_key":  "WPSeyjX1-4s",
  "captions_file": "/courses/6-0001-introduction-to-computer-science-and-programming-in-python-fall-2016/47cee8b93c70579083a51a57875b4107_WPSeyjX1-4s.vtt",
  "transcript_file": "/courses/6-0001-introduction-to-computer-science-and-programming-in-python-fall-2016/ddf5ad40384181a5a3d9ae2b64ca366b_WPSeyjX1-4s.pdf",
  "thumbnail_file": "https://img.youtube.com/vi/WPSeyjX1-4s/default.jpg",
  "archive_url": "https://archive.org/download/MIT6.0001F16/MIT6_0001F16_Lecture_06_300k.mp4"}
