{
  "title":"For Loops",
  "description": "",
  "file": null,
  "learning_resource_types": [],
  "resource_type": "Video",
  "file_type": null,
  "youtube_key":  "mrvBnZIEsZY",
  "captions_file": "/courses/6-0001-introduction-to-computer-science-and-programming-in-python-fall-2016/4f5f254b8a68568e82e36b6c96548c72_mrvBnZIEsZY.vtt",
  "transcript_file": "/courses/6-0001-introduction-to-computer-science-and-programming-in-python-fall-2016/1bbe737a47db4c783c9029578fd82778_mrvBnZIEsZY.pdf",
  "thumbnail_file": "https://img.youtube.com/vi/mrvBnZIEsZY/default.jpg",
  "archive_url": "https://archive.org/download/MIT6.0001F16/MIT6_0001F16_Lecture_02_exercise_05_300k.mp4"}
