{
  "title":"Getters and Setters",
  "description": "",
  "file": null,
  "learning_resource_types": [],
  "resource_type": "Video",
  "file_type": null,
  "youtube_key":  "C_pgH5QhIZ8",
  "captions_file": "/courses/6-0001-introduction-to-computer-science-and-programming-in-python-fall-2016/cbac1017c6e457f29d1564d3bfc73988_C_pgH5QhIZ8.vtt",
  "transcript_file": "/courses/6-0001-introduction-to-computer-science-and-programming-in-python-fall-2016/af786579cb33634aecc4dbc2c6cc4b86_C_pgH5QhIZ8.pdf",
  "thumbnail_file": "https://img.youtube.com/vi/C_pgH5QhIZ8/default.jpg",
  "archive_url": "https://archive.org/download/MIT6.0001F16/MIT6_0001F16_Lecture_09_exercise_01_300k.mp4"}
