{
  "title":"Python vs. Math",
  "description": "",
  "file": null,
  "learning_resource_types": [],
  "resource_type": "Video",
  "file_type": null,
  "youtube_key":  "F-_PKUUM-qY",
  "captions_file": "/courses/6-0001-introduction-to-computer-science-and-programming-in-python-fall-2016/23a4c93220465642b51a764e3b83192b_F-_PKUUM-qY.vtt",
  "transcript_file": "/courses/6-0001-introduction-to-computer-science-and-programming-in-python-fall-2016/3b3e814ffe2ef349fac15598b99ee8a1_F-_PKUUM-qY.pdf",
  "thumbnail_file": "https://img.youtube.com/vi/F-_PKUUM-qY/default.jpg",
  "archive_url": "https://archive.org/download/MIT6.0001F16/MIT6_0001F16_Lecture_01_exercise_02_300k.mp4"}
